,url
0,//www.104.com.tw/job/7w0ht?jobsource=jolist_d_date
1,//www.104.com.tw/job/4phfw?jobsource=jolist_d_date
2,//www.104.com.tw/job/7tfsp?jobsource=jolist_d_date
3,//www.104.com.tw/job/33k7v?jobsource=jolist_d_date
4,//www.104.com.tw/job/3z43d?jobsource=jolist_d_date
5,//www.104.com.tw/job/68si5?jobsource=jolist_d_date
6,//www.104.com.tw/job/7sx9t?jobsource=jolist_d_date
7,//www.104.com.tw/job/3y572?jobsource=jolist_d_date
8,//www.104.com.tw/job/7fsp8?jobsource=jolist_d_date
9,//www.104.com.tw/job/6a0eh?jobsource=jolist_d_date
10,//www.104.com.tw/job/6usnj?jobsource=jolist_d_date
11,//www.104.com.tw/job/7evo2?jobsource=jolist_d_date
12,//www.104.com.tw/job/30o1v?jobsource=jolist_d_date
13,//www.104.com.tw/job/7oxl0?jobsource=jolist_d_date
14,//www.104.com.tw/job/76ioo?jobsource=jolist_d_date
15,//www.104.com.tw/job/37a2o?jobsource=jolist_d_date
16,//www.104.com.tw/job/7s42u?jobsource=jolist_d_date
17,//www.104.com.tw/job/4tq09?jobsource=jolist_d_date
18,//www.104.com.tw/job/7n9t0?jobsource=jolist_d_date
19,//www.104.com.tw/job/5c38j?jobsource=jolist_d_date
20,//www.104.com.tw/job/420tz?jobsource=jolist_c_date
21,//www.104.com.tw/job/3bp47?jobsource=jolist_c_date
22,//www.104.com.tw/job/7g17r?jobsource=jolist_c_date
23,//www.104.com.tw/job/7v3is?jobsource=jolist_c_date
24,//www.104.com.tw/job/7r653?jobsource=jolist_c_date
25,//www.104.com.tw/job/7ahea?jobsource=jolist_c_date
26,//www.104.com.tw/job/7nz4o?jobsource=jolist_c_date
27,//www.104.com.tw/job/7oxl4?jobsource=jolist_c_date
28,//www.104.com.tw/job/7v0w2?jobsource=jolist_c_date
29,//www.104.com.tw/job/7ngzy?jobsource=jolist_c_date
30,//www.104.com.tw/job/4d1bv?jobsource=jolist_c_date
31,//www.104.com.tw/job/7lylp?jobsource=jolist_c_date
32,//www.104.com.tw/job/7rv15?jobsource=jolist_c_date
33,//www.104.com.tw/job/7f2bq?jobsource=jolist_c_date
34,//www.104.com.tw/job/5x1yq?jobsource=jolist_c_date
35,//www.104.com.tw/job/7glyv?jobsource=jolist_c_date
